Datetime,Water Level (m)
2026-04-24 12:00:00,-4.1359893e-09
2026-04-24 13:00:00,1.5022067e-08
2026-04-24 14:00:00,3.184053e-08
2026-04-24 15:00:00,3.59047e-08
2026-04-24 16:00:00,2.6959661e-08
2026-04-24 17:00:00,5.6392664e-09
2026-04-24 18:00:00,-2.2533433e-08
2026-04-24 19:00:00,-6.045085e-08
2026-04-24 20:00:00,-1.0475065e-07
2026-04-24 21:00:00,-1.4078037e-07
2026-04-24 22:00:00,-1.678942e-07
2026-04-24 23:00:00,-1.8763635e-07
2026-04-25 00:00:00,-1.9706043e-07
2026-04-25 01:00:00,-1.9519122e-07
2026-04-25 02:00:00,-1.8607147e-07
2026-04-25 03:00:00,-1.7564415e-07
2026-04-25 04:00:00,-1.7026117e-07
2026-04-25 05:00:00,-1.7384892e-07
2026-04-25 06:00:00,-1.8482204e-07
2026-04-25 07:00:00,-2.0289949e-07
2026-04-25 08:00:00,-2.2508385e-07
2026-04-25 09:00:00,-2.4390943e-07
2026-04-25 10:00:00,-2.5787344e-07
2026-04-25 11:00:00,-2.6665623e-07
2026-04-25 12:00:00,-2.7456284e-07
2026-04-25 13:00:00,-2.7225485e-07
2026-04-25 14:00:00,-2.6530097e-07
2026-04-25 15:00:00,-2.6428648e-07
2026-04-25 16:00:00,-2.7124386e-07
2026-04-25 17:00:00,-2.757075e-07
2026-04-25 18:00:00,-2.9319287e-07
2026-04-25 19:00:00,-3.277539e-07
2026-04-25 20:00:00,-3.7390998e-07
2026-04-25 21:00:00,-4.2590258e-07
2026-04-25 22:00:00,-4.69738e-07
2026-04-25 23:00:00,-5.068679e-07
2026-04-26 00:00:00,-5.336613e-07
2026-04-26 01:00:00,-5.471603e-07
2026-04-26 02:00:00,-5.5239275e-07
2026-04-26 03:00:00,-5.472211e-07
2026-04-26 04:00:00,-5.3874663e-07
2026-04-26 05:00:00,-5.372963e-07
2026-04-26 06:00:00,-5.411982e-07
2026-04-26 07:00:00,-5.554295e-07
2026-04-26 08:00:00,-5.852694e-07
2026-04-26 09:00:00,-6.141055e-07
2026-04-26 10:00:00,-6.382527e-07
2026-04-26 11:00:00,-6.868825e-07
2026-04-26 12:00:00,-7.2583344e-07
2026-04-26 13:00:00,-7.1759433e-07
2026-04-26 14:00:00,-7.2362894e-07
2026-04-26 15:00:00,-7.07997e-07
2026-04-26 16:00:00,-6.895451e-07
2026-04-26 17:00:00,-6.871396e-07
2026-04-26 18:00:00,-6.930099e-07
2026-04-26 19:00:00,-7.07042e-07
2026-04-26 20:00:00,-7.671998e-07
2026-04-26 21:00:00,-8.0241654e-07
2026-04-26 22:00:00,-8.287669e-07
2026-04-26 23:00:00,-8.7122316e-07
2026-04-27 00:00:00,-9.0203275e-07
2026-04-27 01:00:00,-9.654148e-07
2026-04-27 02:00:00,-0.07225776
2026-04-27 03:00:00,0.12528361
2026-04-27 04:00:00,0.100056306
2026-04-27 05:00:00,0.09682939
2026-04-27 06:00:00,0.101145
2026-04-27 07:00:00,0.14805092
2026-04-27 08:00:00,0.10782937
2026-04-27 09:00:00,0.1078881
2026-04-27 10:00:00,0.18684283
2026-04-27 11:00:00,0.18893622
2026-04-27 12:00:00,0.1923196
2026-04-27 13:00:00,0.18799695
2026-04-27 14:00:00,0.1828869
2026-04-27 15:00:00,0.17321026
2026-04-27 16:00:00,0.1718869
2026-04-27 17:00:00,0.17042851
2026-04-27 18:00:00,0.16212408
2026-04-27 19:00:00,0.160389
2026-04-27 20:00:00,0.16343866
2026-04-27 21:00:00,0.17174242
2026-04-27 22:00:00,0.18028367
2026-04-27 23:00:00,0.18473415
2026-04-28 00:00:00,0.19118239
2026-04-28 01:00:00,0.19916345
2026-04-28 02:00:00,0.20837782
2026-04-28 03:00:00,0.21495777
2026-04-28 04:00:00,0.21916682
2026-04-28 05:00:00,0.22210523
2026-04-28 06:00:00,0.22723444
2026-04-28 07:00:00,0.23314445
2026-04-28 08:00:00,0.23979753
2026-04-28 09:00:00,0.25010884
2026-04-28 10:00:00,0.25878054
2026-04-28 11:00:00,0.26579463
2026-04-28 12:00:00,0.27144876
2026-04-28 13:00:00,0.27994657
2026-04-28 14:00:00,0.28500947
2026-04-28 15:00:00,0.2893336
2026-04-28 16:00:00,0.2887725
2026-04-28 17:00:00,0.2885522
2026-04-28 18:00:00,0.29139027
2026-04-28 19:00:00,0.2990993
2026-04-28 20:00:00,0.306611
2026-04-28 21:00:00,0.31380576
2026-04-28 22:00:00,0.32442093
2026-04-28 23:00:00,0.33461845
2026-04-29 00:00:00,0.34041902
2026-04-29 01:00:00,0.34692737
2026-04-29 02:00:00,0.35205194
2026-04-29 03:00:00,0.35257506
2026-04-29 04:00:00,0.35170665
2026-04-29 05:00:00,0.3482469
2026-04-29 06:00:00,0.34188873
2026-04-29 07:00:00,0.33822805
2026-04-29 08:00:00,0.33777386
2026-04-29 09:00:00,0.33719373
2026-04-29 10:00:00,0.34080276
2026-04-29 11:00:00,0.3523385
2026-04-29 12:00:00,0.36979485
2026-04-29 13:00:00,0.3859185
2026-04-29 14:00:00,0.40047568
2026-04-29 15:00:00,0.42103636
2026-04-29 16:00:00,0.41421473
2026-04-29 17:00:00,0.4017843
2026-04-29 18:00:00,0.39835647
2026-04-29 19:00:00,0.396998
2026-04-29 20:00:00,0.40106866
2026-04-29 21:00:00,0.40751246
2026-04-29 22:00:00,0.4136346
2026-04-29 23:00:00,0.41848743
2026-04-30 00:00:00,0.4228351
2026-04-30 01:00:00,0.42718816
2026-04-30 02:00:00,0.4326143
2026-04-30 03:00:00,0.43778983
2026-04-30 04:00:00,0.43960577
2026-04-30 05:00:00,0.43680397
2026-04-30 06:00:00,0.42786288
2026-04-30 07:00:00,0.4232001
2026-04-30 08:00:00,0.4266041
2026-04-30 09:00:00,0.43602586
2026-04-30 10:00:00,0.44420713
2026-04-30 11:00:00,0.4528916
2026-04-30 12:00:00,0.4660176
